Name,A,B,C
butane,"[4.35576, 1175.581, -2.071]"
butane,4.35576,1175.581,-2.071
